LOJA;LONGITUDE;LATITUDE;REGIAO;DISTRITO
1;-46,6351125;-23,54860376;GR01;CENTRO-SP
2;-43,18535;-22,90547917;GR12;RIO NITERÓI
3;-43,03067553;-22,88959198;GR12;RIO NITERÓI
5;-43,17990402;-22,90472517;GR12;RIO NITERÓI
6;-46,68802986;-23,5749753;GR01;CENTRO-SP
7;-43,39647491;-22,7700777;GR08;BAIXADA2
8;-46,32787175;-23,93483686;GR09;BAIXADA SANTISTA -SP
9;-47,06453855;-22,90762306;GR04;CAMPINAS
10;-43,1762695;-22,95722761;GR08;BAIXADA2
11;-43,37209484;-22,80087592;GR08;BAIXADA2
12;-43,3383016;-22,87292518;GR08;BAIXADA
14;-43,34597231;-21,76041385;GR12;REG. SERRANA/MG INT
15;-49,27402614;-25,43136466;GR05;CURITIBA
16;-49,07556964;-22,32323301;GR04;SP INTERIOR
17;-44,1048472;-22,51715179;GR08;BAIXADA
18;-43,17397281;-22,50913624;GR12;REG. SERRANA/MG INT
19;-43,23284366;-22,92410426;GR08;BAIXADA
20;-43,18581645;-22,96998478;GR03;BARRA/IPANEMA
21;-49,387245;-20,816215;GR04;SP INTERIOR
22;-43,21087753;-22,98384495;GR03;BARRA/IPANEMA
23;-43,93976938;-19,91791232;GR02;TRIANGULO MINEIRO/BH
24;-47,80947024;-21,17522643;GR04;SP INTERIOR
25;-43,28313421;-22,90345913;GR08;BAIXADA2
26;-52,1423779;-32,04726715;GR05;RIO GRANDE DO SUL
27;-46,6274319;-23,61984416;GR01;ABCD-SP
28;-51,16362525;-23,31094466;GR05;PARANA/SP INT
29;-46,70366044;-23,51897509;GR01;TABOÃO/OSASCO
30;-39,07370334;-13,37016273;GR11;SALVADOR 1
31;-43,45031128;-22,75920277;GR08;BAIXADA
32;-43,55956369;-22,90455969;GR03;RIO ZONA OESTE
33;-49,2624719;-16,6759982;GR10;GOIÁS/TOCANTINS
35;-47,8847055;-15,7952789;GR10;BRASÍLIA
36;-54,62058501;-20,46057973;GR10;MT/MS
37;-34,88327134;-8,060662609;GR06;PERNAMBUCO 2
38;-47,02689749;-22,89362081;GR04;CAMPINAS
39;-48,05223654;-15,83320287;GR10;TAGUATINGA
40;-43,94255751;-19,95831402;GR02;TRIANGULO MINEIRO/BH
41;-51,94595;-23,4209;GR05;PARANA/SP INT
42;-51,22849985;-30,02998354;GR05;RIO GRANDE DO SUL
43;-46,666665;-23,608475;GR01;CENTRO-SP
44;-38,43937099;-12,90418217;GR11;SALVADOR
45;-40,33156215;-20,31974714;GR02;ESPIRITO SANTO
46;-43,18105494;-22,93210839;GR08;BAIXADA2
47;-38,53198879;-3,737871385;GR09;CEARÁ 2
48;-48,49390585;-1,453642595;GR13;AMAPÁ/PARÁ
49;-48,27839775;-18,92033881;GR02;TRIANGULO MINEIRO/BH
50;-35,70029314;-9,649186421;GR11;AL/SE
51;-42,94117896;-22,7747948;GR12;RIO NITERÓI
52;-38,51463912;-12,98103173;GR11;SALVADOR
56;-34,87440297;-8,03701099;GR06;PERNAMBUCO
57;-43,4182217;-22,80928511;GR08;BAIXADA
58;-42,03861691;-22,87531232;GR12;REG. DOS LAGOS
59;-37,04932418;-10,90960563;GR11;AL/SE
60;-50,41274182;-22,66149007;GR04;SP INTERIOR
61;-44,29049287;-2,53365562;GR13;MARANHÃO/PIAUI
63;-38,5133359;-12,98516238;GR11;SALVADOR
64;-35,20680644;-5,786150415;GR06;RIO G NORTE/PARAÍBA
65;-46,55045881;-23,71108218;GR01;ABCD-SP
66;-48,55637437;-27,59377062;GR05;SANTA CATARINA
67;-43,61237409;-22,97455566;GR03;BARRA/IPANEMA
68;-45,00293078;-21,24794339;GR02;MG INTERIOR
69;-43,31442433;-22,78672989;GR08;BAIXADA2
70;-48,65240123;-27,62343216;GR05;SANTA CATARINA
71;-49,27007948;-25,42304739;GR05;CURITIBA
72;-46,7789533;-23,52929694;GR01;TABOÃO/OSASCO
73;-46,68688942;-23,5960582;GR01;CENTRO-SP
74;-43,8836659;-4,454817826;GR13;MARANHÃO/PIAUI
75;-46,55174496;-23,69734691;GR01;ABCD-SP
76;-44,0871156;-22,51142646;GR08;BAIXADA
77;-43,36024007;-22,92499993;GR03;RIO ZONA OESTE
78;-41,50890968;-17,86293614;GR02;MG INTERIOR
79;-46,99482423;-18,93722414;GR02;TRIANGULO MINEIRO/BH
80;-43,36281182;-4,861807209;GR13;MARANHÃO/PIAUI
81;-44,3162396;-23,00718031;GR03;RIO ZONA OESTE
82;-48,19315854;-18,65110224;GR02;TRIANGULO MINEIRO/BH
83;-38,35541898;-12,91052682;GR11;SALVADOR 1
84;-38,50346903;-12,9687137;GR11;SALVADOR
85;-46,67775073;-23,67332968;GR01;CENTRO-SP
86;-45,88009073;-23,20038111;GR09;VALE DO PARAIBA - SP
87;-43,1241359;-22,8960541;GR12;RIO NITERÓI
88;-34,90140852;-8,117377477;GR06;PERNAMBUCO 2
89;-47,38655361;-22,53227186;GR04;CAMPINAS
90;-43,56323005;-22,91983618;GR03;RIO ZONA OESTE
91;-48,27705969;-18,917095;GR02;TRIANGULO MINEIRO/BH
92;-35,71522031;-9,647122795;GR11;AL/SE
93;-61,92528705;-10,88582425;GR13;AMAZONIA
94;-49,27609841;-25,44048055;GR05;CURITIBA
95;-43,55703591;-22,88475972;GR03;RIO ZONA OESTE
96;-41,93818555;-22,52331116;GR12;REG. DOS LAGOS
97;-43,94514063;-19,8232028;GR02;TRIANGULO MINEIRO/BH
98;-47,12752855;-22,92807714;GR04;CAMPINAS
99;-44,19965048;-19,9639543;GR02;MG INTERIOR
100;-43,36460859;-22,98249796;GR03;BARRA/IPANEMA
101;-46,57700527;-23,5423418;GR01;ZONA LESTE-SP
102;-48,48210688;-1,467194676;GR13;AMAPÁ/PARÁ
103;-40,2923466;-20,30465441;GR02;ESPIRITO SANTO
104;-43,34730395;-21,75928761;GR12;REG. SERRANA/MG INT
105;-52,4541551;-23,07647919;GR05;PARANA/SP INT
106;-38,49693853;-3,736579036;GR09;CEARÁ 1
107;-38,55712625;-3,73392606;GR09;CEARÁ 1
108;-43,30429037;-22,75293227;GR08;BAIXADA2
109;-48,54795583;-27,5862239;GR05;SANTA CATARINA
110;-46,54739339;-23,52434962;GR01;ZONA LESTE-SP
111;-38,45798611;-13,00612919;GR11;SALVADOR
112;-48,61141659;-17,75833038;GR10;GOIÁS/TOCANTINS
113;-56,0501814;-15,55627811;GR10;MT/MS
114;-48,33484;-18,92736;GR02;TRIANGULO MINEIRO/BH
115;-51,21597924;-23,31203345;GR05;PARANA/SP INT
116;-49,0693975;-26,88296328;GR05;SANTA CATARINA
118;-51,20143994;-30,02380266;GR05;RIO GRANDE DO SUL
119;-43,2823984;-22,88726669;GR03;RIO ZONA OESTE
120;-46,70124462;-23,62201638;GR01;CENTRO-SP
121;-43,25194485;-22,91381982;GR08;BAIXADA2
122;-49,07218245;-11,73266417;GR10;GOIÁS/TOCANTINS
123;-34,92122087;-8,167781499;GR06;PERNAMBUCO 2
124;-43,08773635;-22,88144346;GR12;RIO NITERÓI
125;-47,46664428;-23,54018276;GR04;CAMPINAS
126;-46,93555488;-19,59468816;GR02;TRIANGULO MINEIRO/BH
127;-46,676765;-23,529365;GR01;ZONA SUL-SP
128;-49,23640397;-16,70795528;GR10;GOIÁS/TOCANTINS
129;-46,78640138;-24,18378314;GR09;BAIXADA SANTISTA -SP
130;-38,47379226;-12,96597271;GR11;SALVADOR
131;-43,45681904;-22,74519329;GR08;BAIXADA
132;-46,1789774;-23,51685051;GR09;VALE DO PARAIBA - SP
133;-48,45114234;-1,361055283;GR13;AMAPÁ/PARÁ
134;-57,68745967;-16,0668703;GR10;MT/MS
135;-43,17867255;-22,94099097;GR03;RIO ZONA OESTE
136;-37,06002915;-10,94152445;GR11;AL/SE
137;-47,96287354;-15,86730759;GR10;BRASÍLIA
138;-43,92745441;-19,87430879;GR02;TRIANGULO MINEIRO/BH
139;-43,36807;-22,926545;GR03;RIO ZONA OESTE
140;-53,30364467;-23,75994044;GR05;PARANA/SP INT
141;-34,89113477;-8,086961393;GR06;PERNAMBUCO 2
142;-49,15778388;-25,34125818;GR05;CURITIBA
143;-51,0530198;0,037725607;GR13;AMAPÁ/PARÁ
144;-45,79640695;-12,08966745;GR11;BA INT
145;-43,17631619;-22,91210346;GR08;BAIXADA
146;-47,9440426;-15,831895;GR10;BRASÍLIA
147;-40,27566175;-20,23911316;GR02;ESPIRITO SANTO
148;-38,48973023;-3,757323249;GR09;CEARÁ
149;-46,6387199;-23,54604742;GR01;CENTRO-SP
152;-43,96783338;-19,88871768;GR02;TRIANGULO MINEIRO/BH
153;-35,26076711;-5,912639023;GR06;RIO G NORTE/PARAÍBA
154;-51,22791251;-30,04871037;GR05;RIO GRANDE DO SUL
155;-46,33159219;-23,9584599;GR09;BAIXADA SANTISTA -SP
156;-43,9398768;-19,9215313;GR02;TRIANGULO MINEIRO/BH
157;-43,19681661;-22,79501007;GR08;BAIXADA2
158;-48,60810443;-27,58658785;GR05;SANTA CATARINA
159;-34,84166107;-7,097777865;GR06;RIO G NORTE/PARAÍBA
161;-48,20039133;-21,78431345;GR04;SP INTERIOR
162;-46,582545;-23,595135;GR01;ABCD-SP
163;-46,50602398;-23,56699293;GR01;ZONA LESTE-SP
164;-43,30366574;-22,84673346;GR08;BAIXADA
165;-46,8922521;-23,16963741;GR04;CAMPINAS
166;-50,15282144;-25,09445479;GR05;CURITIBA
167;-44,042855;-19,941295;GR02;MG INTERIOR
168;-46,53288742;-23,66807705;GR01;ABCD-SP
169;-49,26558378;-25,43738273;GR05;CURITIBA
172;-48,84960493;-26,30301358;GR05;SANTA CATARINA
173;-47,76794155;-21,20313588;GR04;SP INTERIOR
174;-38,51122343;-12,99046693;GR11;SALVADOR
175;-43,27195003;-22,87890518;GR08;BAIXADA2
176;-54,59321119;-20,45980502;GR10;MT/MS
177;-47,64976425;-22,70401201;GR04;CAMPINAS
178;-48,49146506;-20,9483978;GR04;SP INTERIOR
179;-47,2826458;-23,26469086;GR04;CAMPINAS
181;-51,151225;-30,01055;GR05;RIO GRANDE DO SUL
182;-48,65948544;-26,90394584;GR05;SANTA CATARINA
183;-48,27547358;-15,73545051;GR10;TAGUATINGA
184;-43,04774335;-22,82256415;GR12;RIO NITERÓI
185;-48,0455458;-15,83533905;GR10;TAGUATINGA
186;-51,1271508;-29,73847171;GR05;RIO GRANDE DO SUL
187;-40,28966935;-20,34108467;GR02;ESPIRITO SANTO
188;-43,33195308;-22,75867047;GR08;BAIXADA2
189;-53,4775;-24,9505;GR05;PARANA/SP INT
190;-49,32129456;-16,78650017;GR10;GOIÁS/TOCANTINS
191;-50,43518561;-21,22180967;GR04;SP INTERIOR
192;-43,93297091;-19,9399636;GR02;MG INTERIOR
193;-47,41202288;-20,55173267;GR04;SP INTERIOR
194;-47,41481467;-22,755214;GR04;CAMPINAS
195;-47,0636804;-22,84762371;GR04;CAMPINAS
196;-46,41096664;-23,9978741;GR09;BAIXADA SANTISTA -SP
197;-49,06889205;-26,9197125;GR05;SANTA CATARINA
198;-34,88030432;-7,115340061;GR06;RIO G NORTE/PARAÍBA
199;-38,54100397;-3,740643151;GR09;CEARÁ 2
200;-39,27717924;-14,80027007;GR11;BA INT
201;-43,95370993;-19,81664835;GR02;MG INTERIOR
202;-47,21652609;-22,86487944;GR04;CAMPINAS
203;-51,3693576;-20,88535303;GR04;SP INTERIOR
204;-49,229418;-25,45104966;GR05;CURITIBA
205;-51,90721857;-23,42016455;GR05;PARANA/SP INT
206;-47,8826858;-15,79038282;GR10;BRASÍLIA
207;-49,19975894;-25,53842278;GR05;CURITIBA
208;-56,08528822;-15,58958164;GR10;MT/MS
209;-44,88764826;-20,14499192;GR02;MG INTERIOR
210;-51,39075696;-22,13128456;GR04;SP INTERIOR
211;-48,06481578;-15,90374144;GR10;TAGUATINGA
212;-47,652152;-15,621626;GR10;BRASÍLIA
213;-42,53172371;-22,28605391;GR12;REG. SERRANA/MG INT
214;-45,07434511;-23,42903053;GR09;VALE DO PARAIBA - SP
215;-34,8795672;-7,9408658;GR06;PERNAMBUCO
216;-49,22866453;-25,51724564;GR05;CURITIBA
217;-49,23881515;-16,6693055;GR10;GOIÁS/TOCANTINS
218;-40,05818355;-19,35456436;GR02;ESPIRITO SANTO
219;-38,394628;-12,785552;GR11;SALVADOR 1
221;-51,08082978;-29,93701916;GR05;RIO GRANDE DO SUL
222;-47,9405337;-15,80479181;GR10;BRASÍLIA
223;-43,34693289;-21,77688099;GR12;REG. SERRANA/MG INT
224;-45,96335164;-23,30386698;GR09;VALE DO PARAIBA - SP
225;-46,60077532;-23,5981355;GR01;ABCD-SP
226;-35,218965;-5,8078;GR06;RIO G NORTE/PARAÍBA
227;-43,46567261;-22,87670038;GR03;RIO ZONA OESTE
228;-49,08503568;-26,48004478;GR05;SANTA CATARINA
229;-45,885125;-23,23962;GR09;VALE DO PARAIBA - SP
230;-44,45141393;-22,46639816;GR08;BAIXADA
231;-46,73632;-23,62952;GR01;ZONA SUL-SP
232;-49,257375;-16,66096;GR10;GOIÁS/TOCANTINS
233;-51,17970917;-29,90537859;GR05;RIO GRANDE DO SUL
234;-47,80843686;-21,18220838;GR04;SP INTERIOR
235;-49,29440928;-25,47923007;GR05;CURITIBA
236;-35,86752703;-7,235773354;GR06;RIO G NORTE/PARAÍBA
238;-46,72513425;-23,58680758;GR01;ZONA SUL-SP
239;-46,83276809;-23,50525689;GR01;TABOÃO/OSASCO
240;-47,8923325;-15,79555445;GR10;BRASÍLIA
241;-48,99225305;-28,4736184;GR05;SANTA CATARINA
242;-46,70045;-23,67382;GR01;ZONA SUL-SP
243;-34,95433163;-8,012289876;GR06;PERNAMBUCO 2
244;-48,02321311;-15,84204985;GR10;TAGUATINGA
245;-42,55740026;-19,48616084;GR02;MG INTERIOR
246;-46,54949479;-23,48847176;GR01;ZONA LESTE-SP
247;-35,95447545;-8,292838252;GR06;PERNAMBUCO
248;-51,15653793;-23,311455;GR05;PARANA/SP INT
249;-46,60103155;-21,77609971;GR04;CAMPINAS
250;-38,94786171;-12,24484698;GR11;SALVADOR 1
251;-48,95748199;-16,34223077;GR10;TAGUATINGA
252;-40,84466306;-14,89318749;GR11;BA INT
253;-44,27609111;-2,50151672;GR13;MARANHÃO/PIAUI
254;-44,78430733;-4,233498842;GR13;MARANHÃO/PIAUI
255;-47,78210075;-15,64890724;GR10;BRASÍLIA
256;-44,01941389;-19,96091354;GR02;MG INTERIOR
257;-56,07389232;-15,61205309;GR10;MT/MS
258;-43,34144231;-22,87095607;GR08;BAIXADA
259;-35,21257818;-5,833304704;GR06;RIO G NORTE/PARAÍBA
260;-46,52928472;-23,65909346;GR01;ABCD-SP
261;-45,19830658;-22,81109827;GR09;VALE DO PARAIBA - SP
262;-46,781699;-23,613581;GR01;TABOÃO/OSASCO
263;-54,79388479;-22,22612207;GR10;MT/MS
264;-46,31856671;-23,5419484;GR09;VALE DO PARAIBA - SP
265;-48,056949;-15,836139;GR10;TAGUATINGA
266;-35,17807524;-5,875857709;GR06;RIO G NORTE/PARAÍBA
267;-49,34583463;-28,68419593;GR05;SANTA CATARINA
268;-44,01944963;-19,97366998;GR02;TRIANGULO MINEIRO/BH
269;-49,27100567;-25,43316273;GR05;CURITIBA
270;-38,62041036;-3,878839722;GR09;CEARÁ 1
271;-38,96522745;-12,24823919;GR11;SALVADOR 1
272;-45,58014871;-23,02562406;GR09;VALE DO PARAIBA - SP
273;-44,288815;-2,511904999;GR13;MARANHÃO/PIAUI
274;-44,88193739;-20,12786544;GR02;MG INTERIOR
275;-38,48103838;-3,78634071;GR09;CEARÁ
276;-49,38030495;-20,81086507;GR04;SP INTERIOR
277;-46,45989229;-23,66605586;GR01;ABCD-SP
278;-42,966349;-22,410612;GR12;REG. SERRANA/MG INT
279;-47,40803345;-22,5702478;GR04;CAMPINAS
280;-39,32560749;-7,222138488;GR09;CEARÁ 2
281;-43,2098949;-22,11546714;GR12;REG. SERRANA/MG INT
282;-48,47863277;-1,417110576;GR13;AMAPÁ/PARÁ
283;-47,950725;-19,764325;GR02;TRIANGULO MINEIRO/BH
284;-51,21297248;-30,04588174;GR05;RIO GRANDE DO SUL
285;-49,324771;-16,660879;GR10;GOIÁS/TOCANTINS
286;-48,65010651;-26,99544767;GR05;SANTA CATARINA
287;-46,38329982;-23,96736049;GR09;BAIXADA SANTISTA -SP
288;-50,15777347;-25,09386294;GR05;CURITIBA
289;-46,64515817;-23,48361099;GR01;ABCD-SP
290;-53,79786916;-29,68916689;GR05;RIO GRANDE DO SUL
291;-37,36353954;-5,180315771;GR06;RIO G NORTE/PARAÍBA
292;-54,57428027;-25,53287669;GR05;PARANA/SP INT
293;-41,93997186;-18,8479276;GR02;MG INTERIOR
294;-43,36221215;-21,78098308;GR12;REG. SERRANA/MG INT
295;-47,14908753;-22,76336261;GR04;CAMPINAS
296;-49,05009979;-22,34218917;GR04;SP INTERIOR
297;-49,39324;-20,835455;GR04;SP INTERIOR
298;-60,02078;-3,134695;GR13;AMAZONIA
299;-43,87210959;-19,91893851;GR02;MG INTERIOR
300;-41,94552009;-18,85526798;GR02;MG INTERIOR
301;-48,0381394;-23,57903547;GR04;CAMPINAS
302;-45,88677361;-23,18342703;GR09;VALE DO PARAIBA - SP
303;-40,39172358;-20,33997104;GR02;ESPIRITO SANTO
304;-38,4966773;-3,733585836;GR09;CEARÁ
305;-48,33500251;-10,19172333;GR10;GOIÁS/TOCANTINS
306;-50,91955945;-17,78935382;GR10;GOIÁS/TOCANTINS
307;-48,48230256;-1,452054231;GR13;AMAPÁ/PARÁ
308;-43,10972081;-22,90395689;GR12;RIO NITERÓI
310;-54,60778923;-16,47084411;GR10;MT/MS
311;-39,31812483;-7,200742341;GR09;CEARÁ 2
312;-48,94390942;-16,30783063;GR10;TAGUATINGA
313;-56,11133496;-15,58770893;GR10;MT/MS
314;-46,19655573;-23,52133359;GR09;VALE DO PARAIBA - SP
315;-49,95248;-22,21883;GR04;SP INTERIOR
316;-47,45854635;-23,49973511;GR04;CAMPINAS
317;-43,8712051;-16,74015782;GR02;MG INTERIOR
318;-41,806419;-22,392787;GR12;REG. DOS LAGOS
320;-49,96809233;-22,18615638;GR04;SP INTERIOR
321;-63,8772748;-8,7470245;GR13;AMAZONIA
322;-45,413335;-23,620275;GR09;VALE DO PARAIBA - SP
323;-49,28957862;-25,47796142;GR05;CURITIBA
324;-51,46895402;-25,39298872;GR05;PARANA/SP INT
325;-51,14644759;-29,76374492;GR05;RIO GRANDE DO SUL
326;-35,03011097;-8,279720646;GR06;PERNAMBUCO 2
327;-38,48019277;-3,791254117;GR09;CEARÁ
328;-42,81568234;-5,093578791;GR13;MARANHÃO/PIAUI
329;-35,73560651;-9,638461509;GR11;AL/SE
330;-46,513535;-18,586147;GR02;TRIANGULO MINEIRO/BH
331;-48,627612;-27,554779;GR05;SANTA CATARINA
332;-51,175695;-23,26111;GR05;PARANA/SP INT
333;-39,41191254;-7,23120591;GR09;CEARÁ 2
334;-42,85585218;-22,74617491;GR12;RIO NITERÓI
335;-34,83430601;-7,097301156;GR06;RIO G NORTE/PARAÍBA
336;-39,26732738;-12,95609209;GR11;SALVADOR 1
337;-48,06826;-16,016041;GR10;TAGUATINGA
338;-47,01374669;-22,95311774;GR04;CAMPINAS
339;-48,96804015;-21,13640437;GR04;SP INTERIOR
340;-60,02417006;-3,100938182;GR13;AMAZONIA
341;-38,55002578;-3,766442593;GR09;CEARÁ 2
342;-35,24683843;-5,759355357;GR06;RIO G NORTE/PARAÍBA
343;-40,35124884;-3,68845815;GR09;CEARÁ
344;-49,20417054;-25,53764716;GR05;CURITIBA
345;-46,25774843;-23,99380137;GR09;BAIXADA SANTISTA -SP
346;-47,985905;-16,078799;GR10;TAGUATINGA
347;-44,99380509;-12,15071253;GR11;BA INT
348;-48,0633405;-15,87141269;GR10;TAGUATINGA
349;-52,27468967;-27,6326812;GR05;RIO GRANDE DO SUL
350;-38,347749;-12,901184;GR11;SALVADOR 1
351;-42,35923891;-21,13057738;GR12;REG. SERRANA/MG INT
352;-39,73926578;-17,5378881;GR11;BA INT
353;-48,26291973;-18,9115528;GR02;TRIANGULO MINEIRO/BH
354;-48,46807788;-27,46938316;GR05;SANTA CATARINA
355;-55,72182;-12,549585;GR10;MT/MS
356;-48,54714811;-22,29699219;GR04;SP INTERIOR
357;-54,61703136;-20,46495322;GR10;MT/MS
359;-41,77810928;-22,37202696;GR12;REG. DOS LAGOS
360;-56,13803095;-15,64792934;GR10;MT/MS
361;-44,24654666;-2,517244576;GR13;MARANHÃO/PIAUI
362;-38,49015799;-3,735715484;GR09;CEARÁ 1
364;-44,28037175;-2,493405127;GR13;MARANHÃO/PIAUI
365;-39,58241933;-16,37363785;GR11;BA INT
366;-48,36995052;-1,366388142;GR13;AMAPÁ/PARÁ
367;-47,94198806;-18,17065207;GR10;GOIÁS/TOCANTINS
368;-47,92742089;-1,295287141;GR13;AMAPÁ/PARÁ
369;-43,766002;-22,852176;GR03;RIO ZONA OESTE
370;-38,46036904;-12,97513192;GR11;SALVADOR
371;-67,848151;-9,98567;GR13;AMAZONIA
373;-35,972109;-8,277781;GR06;PERNAMBUCO
374;-44,244181;-19,458284;GR02;MG INTERIOR
375;-48,488915;-1,44568;GR13;AMAPÁ/PARÁ
376;-51,190744;-29,171505;GR05;RIO GRANDE DO SUL
377;-40,26676468;-20,19353462;GR02;ESPIRITO SANTO
378;-48,63382;-26,9878626;GR05;SANTA CATARINA
379;-36,659836;-9,74813;GR11;AL/SE
380;-41,33218184;-21,76064519;GR12;REG. SERRANA/MG INT
381;-47,652146;-15,621646;GR10;BRASÍLIA
382;-48,94830083;-16,30576621;GR10;TAGUATINGA
383;-47,56109187;-22,40977456;GR04;SP INTERIOR
384;-49,352256;-16,770844;GR10;GOIÁS/TOCANTINS
385;-43,3631922;-21,74332337;GR12;REG. SERRANA/MG INT
387;-41,11580566;-20,85315565;GR02;ESPIRITO SANTO
388;-46,76697223;-23,54149029;GR01;TABOÃO/OSASCO
389;-38,55252522;-3,733363641;GR09;CEARÁ 2
390;-47,21282816;-23,08248631;GR04;CAMPINAS
391;-48,10635298;-15,81389595;GR10;TAGUATINGA
392;-38,552688;-6,888314;GR06;RIO G NORTE/PARAÍBA
393;-46,6227764;-23,69145726;GR01;ABCD-SP
394;-49,06738104;-22,3348019;GR04;SP INTERIOR
395;-60,02409;-3,09937;GR13;AMAZONIA
396;-48,55890971;-20,57536651;GR04;SP INTERIOR
397;-36,65449038;-9,733688884;GR11;AL/SE
398;-44,22621656;-2,534585127;GR13;MARANHÃO/PIAUI
399;-40,22501377;-15,24613882;GR11;BA INT
402;-38,42296964;-12,13968551;GR11;SALVADOR 1
403;-48,47012251;-1,424666596;GR13;AMAPÁ/PARÁ
404;-38,45764562;-12,97000956;GR11;SALVADOR 1
405;-49,28587343;-16,67071503;GR10;GOIÁS/TOCANTINS
406;-39,860235;-13,866257;GR11;BA INT
407;-37,35569051;-5,209456084;GR06;RIO G NORTE/PARAÍBA
408;-51,46401489;-23,55294479;GR05;PARANA/SP INT
409;-48,028901;-16,054861;GR10;TAGUATINGA
410;-48,17550955;-21,79253009;GR04;SP INTERIOR
411;-46,197303;-23,525222;GR09;VALE DO PARAIBA - SP
412;-35,96702672;-8,189040491;GR06;PERNAMBUCO
413;-38,395302;-12,937322;GR11;SALVADOR 1
414;-35,03860867;-7,997946355;GR06;PERNAMBUCO
415;-48,42796903;-1,372860369;GR13;AMAPÁ/PARÁ
416;-39,04393682;-14,79076071;GR11;BA INT
417;-43,94073176;-19,91389234;GR02;TRIANGULO MINEIRO/BH
419;-43,23985092;-22,93211697;GR08;BAIXADA
420;-45,937109;-22,230043;GR02;MG INTERIOR
421;-48,487521;-1,299708;GR13;AMAPÁ/PARÁ
422;-46,40555976;-23,4313;GR01;ZONA LESTE-SP
423;-43,77268413;-21,20675551;GR02;MG INTERIOR
424;-43,55912316;-22,90114596;GR03;RIO ZONA OESTE
425;-43,24850244;-22,91643822;GR08;BAIXADA2
426;-37,05027056;-10,91145089;GR11;AL/SE
427;-52,31437854;-31,75854484;GR05;RIO GRANDE DO SUL
428;-49,21133116;-18,40423335;GR10;GOIÁS/TOCANTINS
429;-37,08203728;-10,85739256;GR11;AL/SE
430;-48,21504173;-7,189037432;GR10;GOIÁS/TOCANTINS
431;-48,44563335;-1,408494131;GR13;AMAPÁ/PARÁ
432;-34,82442069;-7,93555682;GR06;PERNAMBUCO
433;-39,12041709;-8,073922395;GR09;CEARÁ 2
435;-39,85557;-18,71670565;GR02;ESPIRITO SANTO
436;-52,625754;-27,070022;GR05;SANTA CATARINA
437;-38,55503806;-3,820801598;GR09;CEARÁ 1
439;-35,014147;-8,11198;GR06;PERNAMBUCO 2
440;-40,505733;-9,409578;GR11;AL/SE
441;-39,27398362;-14,78779769;GR11;BA INT
442;-35,88726925;-7,217219976;GR06;RIO G NORTE/PARAÍBA
443;-36,49626509;-8,891340596;GR06;PERNAMBUCO
444;-37,0583605;-8,4206445;GR06;PERNAMBUCO
445;-41,32319055;-21,75954356;GR12;REG. SERRANA/MG INT
446;-63,89944453;-8,760476732;GR13;AMAZONIA
447;-56,09700071;-15,59790257;GR10;MT/MS
448;-55,50454329;-11,85588411;GR10;MT/MS
449;-43,32018426;-22,8232953;GR08;BAIXADA
451;-47,9553693;-16,25588517;GR10;TAGUATINGA
452;-54,62829664;-16,47085519;GR10;MT/MS
453;-38,32682661;-12,69947994;GR11;SALVADOR 1
454;-37,27978184;-7,031025509;GR06;RIO G NORTE/PARAÍBA
455;-38,2209182;-9,3988342;GR11;AL/SE
456;-51,21423536;-30,05381458;GR05;RIO GRANDE DO SUL
457;-35,496944;-6,859759;GR06;RIO G NORTE/PARAÍBA
458;-40,37024721;-3,677158077;GR09;CEARÁ
459;-35,71714613;-9,627106339;GR11;AL/SE
460;-49,094484;-26,86387;GR05;SANTA CATARINA
461;-49,855825;-6,091795;GR13;AMAPÁ/PARÁ
462;-43,41575616;-22,80708759;GR08;BAIXADA
463;-43,000335;-22,822295;GR12;RIO NITERÓI
464;-41,34260125;-21,75366031;GR12;REG. SERRANA/MG INT
465;-47,88240309;-15,72104032;GR10;BRASÍLIA
466;-46,47765422;-24,02506906;GR09;BAIXADA SANTISTA -SP
467;-47,00245098;-24,3273492;GR09;BAIXADA SANTISTA -SP
468;-47,55488563;-22,41282648;GR04;SP INTERIOR
469;-43,11067716;-22,62166925;GR12;RIO NITERÓI
470;-42,02661004;-22,88433595;GR12;REG. DOS LAGOS
471;-43,77483203;-22,87549338;GR03;RIO ZONA OESTE
472;-48,28404733;-10,33382836;GR10;GOIÁS/TOCANTINS
473;-49,463928;-18,974122;GR02;TRIANGULO MINEIRO/BH
474;-57,496106;-14,618068;GR10;MT/MS
475;-40,501125;-20,67499;GR02;ESPIRITO SANTO
476;-51,2335644;-30,03110173;GR05;RIO GRANDE DO SUL
478;-38,49165263;-12,98973682;GR11;SALVADOR
479;-39,034123;-14,79701;GR11;BA INT
480;-43,37064045;-22,84133177;GR08;BAIXADA
481;-36,42999199;-8,336631851;GR06;PERNAMBUCO
482;-42,540956;-22,302931;GR12;REG. SERRANA/MG INT
483;-46,60950262;-20,72029408;GR02;TRIANGULO MINEIRO/BH
484;-38,65589266;-3,734410098;GR09;CEARÁ
485;-39,01455753;-4,968454232;GR09;CEARÁ 1
486;-38,558566;-3,716947;GR09;CEARÁ 2
487;-46,52214355;-23,68978666;GR01;ABCD-SP
488;-51,73211571;-17,87905319;GR10;GOIÁS/TOCANTINS
489;-38,5009026;-12,94370416;GR11;SALVADOR
490;-47,4913135;-5,486212014;GR13;MARANHÃO/PIAUI
491;-45,481873;-22,94721;GR09;VALE DO PARAIBA - SP
492;-49,31218087;-16,68076825;GR10;GOIÁS/TOCANTINS
493;-46,30917061;-23,53584398;GR09;VALE DO PARAIBA - SP
494;-42,804095;-5,064120001;GR13;MARANHÃO/PIAUI
495;-48,000944;-16,006175;GR10;TAGUATINGA
496;-41,8950435;-21,20080571;GR12;REG. SERRANA/MG INT
497;-38,54403;-12,67099;GR11;SALVADOR 1
499;;;GR11;SALVADOR 1
500;-43,17792827;-22,9658778;GR03;BARRA/IPANEMA
501;-43,1108588;-22,90313504;GR12;RIO NITERÓI
502;-43,23888662;-22,92752044;GR08;BAIXADA
503;-43,20512141;-22,98434412;GR03;BARRA/IPANEMA
504;-46,65237781;-23,55340949;GR01;CENTRO-SP
505;-46,63546019;-23,54652217;GR01;CENTRO-SP
506;-46,72239614;-23,61721398;GR01;ZONA SUL-SP
508;-43,12541787;-22,89645423;GR12;RIO NITERÓI
509;-43,30510235;-23,01166799;GR03;BARRA/IPANEMA
510;-46,52879769;-23,47013935;GR01;ZONA LESTE-SP
511;-46,68475915;-23,62308761;GR01;ZONA SUL-SP
512;-34,89982832;-8,038903906;GR06;PERNAMBUCO 2
513;-46,77016148;-23,53977048;GR01;TABOÃO/OSASCO
514;-46,64580257;-23,57164856;GR01;CENTRO-SP
515;-43,22800005;-22,97573216;GR03;BARRA/IPANEMA
516;-45,55231121;-23,02186986;GR09;VALE DO PARAIBA - SP
517;-47,45640666;-23,49985339;GR04;CAMPINAS
518;-34,88730217;-8,060220914;GR06;PERNAMBUCO 2
519;-43,22270782;-22,92304713;GR08;BAIXADA
520;-47,09330346;-22,90939476;GR04;CAMPINAS
521;-46,67591542;-23,58483523;GR01;CENTRO-SP
522;-46,66542509;-23,56327496;GR01;CENTRO-SP
523;-43,18726076;-22,94957689;GR03;RIO ZONA OESTE
525;-46,63801524;-23,56022498;GR01;CENTRO-SP
526;-43,03183692;-22,94704182;GR12;RIO NITERÓI
527;-46,64918066;-23,56762037;GR01;CENTRO-SP
528;-46,646879;-23,541367;GR01;CENTRO-SP
529;-43,20512141;-22,98434412;GR03;BARRA/IPANEMA
530;-43,17733904;-22,92946937;GR08;BAIXADA2
531;-47,023153;-22,863391;GR04;CAMPINAS
532;-43,2372219;-22,91388356;GR08;BAIXADA2
533;-46,77854542;-23,52889373;GR01;TABOÃO/OSASCO
534;-43,38700557;-23,0009227;GR03;BARRA/IPANEMA
535;-46,70087137;-23,65606523;GR01;ZONA SUL-SP
536;-43,18129747;-22,95380894;GR03;RIO ZONA OESTE
537;-43,130557;-22,317378;GR12;REG. SERRANA/MG INT
538;-46,33807749;-23,96679907;GR09;BAIXADA SANTISTA -SP
539;-46,35329079;-23,47718877;GR09;VALE DO PARAIBA - SP
540;-43,21938;-22,98378;GR03;BARRA/IPANEMA
541;-45,90828796;-23,20765933;GR09;VALE DO PARAIBA - SP
542;-47,04952721;-22,93747125;GR04;CAMPINAS
543;-46,69340108;-23,56718298;GR01;CENTRO-SP
544;-43,18023068;-22,5114942;GR12;REG. SERRANA/MG INT
545;-43,05290384;-22,82751778;GR12;RIO NITERÓI
547;-48,04755165;-23,58859617;GR04;CAMPINAS
548;-46,34210364;-23,51868819;GR09;VALE DO PARAIBA - SP
549;-42,34115;-22,873005;GR12;REG. DOS LAGOS
550;-45,91027874;-23,2181653;GR09;VALE DO PARAIBA - SP
551;-47,06103233;-22,90218528;GR04;CAMPINAS
552;-46,60373;-23,55515;GR01;ZONA LESTE-SP
553;-43,448925;-23,010176;GR03;BARRA/IPANEMA
554;-43,34254709;-22,93942999;GR03;RIO ZONA OESTE
555;-46,36655093;-23,54030195;GR09;VALE DO PARAIBA - SP
556;-44,1079003;-22,49928831;GR08;BAIXADA
557;-46,41393568;-24,00888172;GR09;BAIXADA SANTISTA -SP
558;-45,96688513;-23,30583718;GR09;VALE DO PARAIBA - SP
559;-46,30479938;-23,94098572;GR09;BAIXADA SANTISTA -SP
560;-43,19132032;-22,98497275;GR03;BARRA/IPANEMA
561;-45,46099937;-22,92536285;GR09;VALE DO PARAIBA - SP
562;-46,57177333;-23,61284155;GR01;ABCD-SP
563;-45,192818;-22,81801;GR09;VALE DO PARAIBA - SP
564;-46,52351876;-23,46965504;GR01;ZONA LESTE-SP
565;-35,9680607;-8,28540323;GR06;PERNAMBUCO
566;-46,57542407;-23,53845844;GR01;ZONA LESTE-SP
567;-47,26793297;-22,82394899;GR04;CAMPINAS
569;-47,44798427;-23,54522687;GR04;CAMPINAS
570;-43,68083735;-22,92097612;GR03;RIO ZONA OESTE
571;-42,01421903;-22,88176975;GR12;REG. DOS LAGOS
572;-46,55603468;-23,11722058;GR01;ZONA LESTE-SP
573;-43,17109227;-22,52428739;GR12;REG. SERRANA/MG INT
574;-47,89249964;-22,02152599;GR04;SP INTERIOR
575;-47,38429987;-22,18477745;GR04;CAMPINAS
576;-46,7004842;-23,5214798;GR01;TABOÃO/OSASCO
577;-43,19334978;-22,91161041;GR08;BAIXADA2
578;-43,93069609;-19,91309007;GR02;MG INTERIOR
579;-43,928626;-19,786384;GR02;TRIANGULO MINEIRO/BH
580;-34,83920027;-7,989929546;GR06;PERNAMBUCO
581;-45,59208071;-22,7380226;GR09;VALE DO PARAIBA - SP
582;-46,686815;-23,56317;GR01;CENTRO-SP
583;-43,102527;-22,899182;GR12;RIO NITERÓI
584;-46,56466512;-23,6364981;GR01;ABCD-SP
585;-43,44587844;-22,76012471;GR08;BAIXADA
586;-46,71268;-23,573317;GR01;TABOÃO/OSASCO
587;-43,42862444;-22,87890373;GR03;RIO ZONA OESTE
588;-46,70976039;-23,65245983;GR01;ZONA SUL-SP
589;-35,2970251;-8,118772252;GR06;PERNAMBUCO
590;-34,92751519;-8,047101613;GR06;PERNAMBUCO 2
591;-46,37908004;-23,96185055;GR09;BAIXADA SANTISTA -SP
592;-43,0445782;-22,82184454;GR12;RIO NITERÓI
593;-46,49064628;-23,5393879;GR01;ZONA LESTE-SP
594;-44,299544;-23,00325;GR03;RIO ZONA OESTE
595;-46,57461888;-23,54379763;GR01;ZONA LESTE-SP
596;-42,932566;-22,915382;GR12;REG. DOS LAGOS
597;-43,22636316;-22,89986611;GR08;BAIXADA
598;-50,34112;-21,289565;GR04;SP INTERIOR
599;-46,44212794;-23,49334443;GR01;ZONA LESTE-SP
600;-46,40260704;-23,4961747;GR01;ZONA LESTE-SP
601;-35,25481028;-7,845790567;GR06;PERNAMBUCO
602;-42,97948887;-22,43873408;GR12;REG. SERRANA/MG INT
603;-40,30203039;-20,33704348;GR02;ESPIRITO SANTO
605;-45,70701172;-23,10028139;GR09;VALE DO PARAIBA - SP
606;-44,451621;-22,466197;GR08;BAIXADA
607;-43,47197378;-22,85780577;GR03;RIO ZONA OESTE
608;-46,40354019;-23,53619309;GR01;ZONA LESTE-SP
609;-46,55187675;-23,46421046;GR01;ZONA LESTE-SP
610;-42,097672;-22,828274;GR12;REG. DOS LAGOS
611;-42,69290547;-21,38483823;GR12;REG. SERRANA/MG INT
612;-43,90643312;-19,88477426;GR02;TRIANGULO MINEIRO/BH
613;-43,41499624;-22,97548884;GR03;RIO ZONA OESTE
614;-45,12074767;-22,73287232;GR09;VALE DO PARAIBA - SP
615;-44,03980624;-19,9721051;GR02;MG INTERIOR
616;-46,483783;-23,54195944;GR01;ZONA LESTE-SP
617;-43,26447224;-22,85117378;GR03;RIO ZONA OESTE
618;-46,5876603;-23,50108208;GR01;ZONA LESTE-SP
619;-43,35091135;-21,76987728;GR12;REG. SERRANA/MG INT
620;-45,43442684;-23,65743511;GR09;VALE DO PARAIBA - SP
621;-46,39973502;-23,49921287;GR01;ZONA LESTE-SP
622;-40,065694;-19,399712;GR02;ESPIRITO SANTO
623;-43,55156975;-22,71554308;GR08;BAIXADA
624;-40,272363;-20,251105;GR02;ESPIRITO SANTO
625;-43,20491165;-22,80410165;GR08;BAIXADA2
626;-46,72051822;-23,43374072;GR01;ZONA LESTE-SP
627;-35,568825;-8,203895;GR06;PERNAMBUCO
628;-43,208999;-22,924366;GR08;BAIXADA2
629;-45,183455;-22,817414;GR09;VALE DO PARAIBA - SP
630;-43,96448533;-19,96840102;GR02;TRIANGULO MINEIRO/BH
632;-46,47974745;-23,48981945;GR01;ZONA LESTE-SP
633;-46,53151642;-23,46427145;GR01;ZONA LESTE-SP
634;-45,88547725;-23,18114706;GR09;VALE DO PARAIBA - SP
635;-46,87432874;-17,2161665;GR02;TRIANGULO MINEIRO/BH
636;-35,065645;-8,400426;GR06;PERNAMBUCO 2
637;-44,019925;-19,976925;GR02;TRIANGULO MINEIRO/BH
638;-43,282733;-22,642842;GR08;BAIXADA2
639;-34,89111736;-8,037537564;GR06;PERNAMBUCO
640;-44,08877144;-19,76592682;GR02;TRIANGULO MINEIRO/BH
641;-43,94887141;-19,92193014;GR02;MG INTERIOR
642;-49,29540037;-25,51900802;GR05;CURITIBA
643;-46,69133084;-23,56797739;GR01;CENTRO-SP
644;-35,015401;-8,112079;GR06;PERNAMBUCO 2
645;-43,97175591;-19,93375667;GR02;TRIANGULO MINEIRO/BH
646;-44,96013712;-22,57622547;GR09;VALE DO PARAIBA - SP
647;-35,17560535;-5,879179704;GR06;RIO G NORTE/PARAÍBA
648;-46,64352554;-23,58144714;GR01;CENTRO-SP
649;-47,42771573;-21,99697479;GR04;SP INTERIOR
650;-43,17716567;-22,91870954;GR08;BAIXADA2
651;-34,88421128;-7,12072865;GR06;RIO G NORTE/PARAÍBA
652;-46,58624163;-23,51419907;GR01;ZONA LESTE-SP
653;-41,93072116;-22,77071071;GR12;REG. DOS LAGOS
654;-43,18535414;-22,89742708;GR12;RIO NITERÓI
655;-35,113975;-8,59321;GR06;PERNAMBUCO 2
656;-43,18510941;-22,910908;GR08;BAIXADA2
657;-43,026613;-22,877496;GR12;RIO NITERÓI
658;-46,835087;-23,592512;GR01;TABOÃO/OSASCO
659;-41,04833;-21,639465;GR12;REG. DOS LAGOS
660;-35,0006243;-7,560346809;GR06;PERNAMBUCO
661;-47,523082;-23,212986;GR04;CAMPINAS
662;-41,98442191;-22,57260587;GR12;REG. DOS LAGOS
663;-43,03094247;-22,94489489;GR12;RIO NITERÓI
665;-38,48629781;-3,740299697;GR09;CEARÁ
667;-46,98236;-23,02669;GR04;CAMPINAS
668;-49,53142783;-25,45834904;GR05;CURITIBA
669;-42,879925;-20,74457993;GR02;MG INTERIOR
670;-47,67039225;-23,28343661;GR04;CAMPINAS
671;-48,01945312;-15,83749816;GR10;TAGUATINGA
672;-34,92358122;-8,163503458;GR06;PERNAMBUCO 2
673;-35,19700012;-5,787848526;GR06;RIO G NORTE/PARAÍBA
674;-34,89679047;-8,120015392;GR06;PERNAMBUCO 2
675;-45,46427453;-22,92496471;GR09;VALE DO PARAIBA - SP
676;-45,20249813;-22,80363934;GR09;VALE DO PARAIBA - SP
677;-47,225166;-22,867619;GR04;CAMPINAS
678;-47,12467249;-22,95903951;GR04;CAMPINAS
679;-43,184755;-22,89753;GR12;RIO NITERÓI
680;-42,62498721;-19,52985758;GR02;MG INTERIOR
681;-49,29753766;-25,31008236;GR05;CURITIBA
682;-49,35094185;-25,42336654;GR05;CURITIBA
683;-41,12340367;-20,84148166;GR02;ESPIRITO SANTO
684;-44,44811392;-22,46371892;GR08;BAIXADA
685;-42,62779917;-22,71036558;GR12;RIO NITERÓI
686;-47,41362078;-22,7551155;GR04;CAMPINAS
687;-46,76263104;-23,54544647;GR01;TABOÃO/OSASCO
688;-43,424478;-22,705021;GR08;BAIXADA
689;-47,894977;-15,84665;GR10;BRASÍLIA
690;-40,2157173;-20,23085366;GR02;ESPIRITO SANTO
691;-43,89943216;-19,63242593;GR02;TRIANGULO MINEIRO/BH
692;-49,28829426;-25,45661073;GR05;CURITIBA
693;-43,97359936;-19,91518315;GR02;TRIANGULO MINEIRO/BH
694;-48,401239;-27,437748;GR05;SANTA CATARINA
695;-47,09525499;-22,93011147;GR04;CAMPINAS
696;-43,28993574;-22,88578009;GR03;RIO ZONA OESTE
697;-49,26406634;-16,70230364;GR10;GOIÁS/TOCANTINS
698;-47,555998;-24,708414;GR09;BAIXADA SANTISTA -SP
700;-43,36607761;-22,98013148;GR03;BARRA/IPANEMA
701;-41,323788;-21,757056;GR12;REG. SERRANA/MG INT
702;-43,28899493;-22,90502479;GR08;BAIXADA2
703;-51,04401801;-26,23090266;GR05;PARANA/SP INT
704;-49,37874323;-26,25371665;GR05;SANTA CATARINA
705;-49,40957005;-25,59208077;GR05;CURITIBA
706;-34,9754929;-8,0193056;GR06;PERNAMBUCO
707;-43,98913;-19,959628;GR02;TRIANGULO MINEIRO/BH
708;-43,984657;-19,872456;GR02;TRIANGULO MINEIRO/BH
709;-43,303963;-22,759036;GR08;BAIXADA2
710;-43,21398343;-22,91130904;GR08;BAIXADA2
711;-48,10960558;-24,72811377;GR09;BAIXADA SANTISTA -SP
712;-34,902359;-7,906603;GR06;PERNAMBUCO
713;-44,092285;-22,50569225;GR08;BAIXADA
714;-40,29625134;-20,3072427;GR02;ESPIRITO SANTO
715;-46,48482594;-23,60002786;GR01;ZONA LESTE-SP
716;-48,65244711;-26,90117193;GR05;SANTA CATARINA
717;-35,75856179;-7,837695627;GR06;PERNAMBUCO
718;-47,21805622;-23,10469349;GR04;CAMPINAS
719;-45,55680549;-22,96923582;GR09;VALE DO PARAIBA - SP
720;-35,7531;-8,234805;GR06;PERNAMBUCO
721;-38,49156359;-13,01158432;GR11;SALVADOR
722;-42,04446248;-22,8808284;GR12;REG. DOS LAGOS
723;-49,31474084;-25,64712162;GR05;CURITIBA
724;-43,0926023;-22,9205069;GR12;RIO NITERÓI
725;-43,92792;-19,951583;GR02;MG INTERIOR
726;-34,92053193;-8,035122411;GR06;PERNAMBUCO 2
727;-48,916142;-27,09784;GR05;SANTA CATARINA
729;-45,058032;-22,116194;GR12;REG. SERRANA/MG INT
730;-49,481396;-28,930346;GR05;SANTA CATARINA
731;-42,63991101;-21,53207694;GR12;REG. SERRANA/MG INT
732;-50,873194;-29,379524;GR05;RIO GRANDE DO SUL
733;-48,665066;-27,64397;GR05;SANTA CATARINA
734;-46,32835;-23,951736;GR09;BAIXADA SANTISTA -SP
735;-43,961285;-19,813728;GR02;MG INTERIOR
736;-49,957399;-29,649741;GR05;RIO GRANDE DO SUL
738;-52,409442;-28,262861;GR05;RIO GRANDE DO SUL
739;-54,261181;-28,302231;GR05;RIO GRANDE DO SUL
740;-43,803143;-20,254337;GR02;MG INTERIOR
741;-46,421165;-23,882397;GR09;BAIXADA SANTISTA -SP
742;-34,900625;-8,055233;GR06;PERNAMBUCO 2
743;-48,830263;-21,758986;GR04;SP INTERIOR
744;-44,063699;-20,020274;GR02;MG INTERIOR
745;-48,353732;-24,006748;GR09;BAIXADA SANTISTA -SP
746;-48,03701;-15,833677;GR10;BRASÍLIA
747;-48,501907;-21,409086;GR04;SP INTERIOR
748;-48,319281;-21,256666;GR04;SP INTERIOR
749;-43,496091;-22,976951;GR03;RIO ZONA OESTE
750;-37,631336;-7,743548;GR06;PERNAMBUCO
751;-46,13281;-23,839479;GR09;BAIXADA SANTISTA -SP
752;-51,146709;-23,312278;GR05;PARANA/SP INT
753;-46,602444;-23,479655;GR01;ABCD-SP
754;-53,60527051;-28,64288886;GR05;RIO GRANDE DO SUL
755;-50,812822;-29,361319;GR05;RIO GRANDE DO SUL
756;-49,281638;-25,438725;GR05;CURITIBA
757;-51,806276;-30,850012;GR05;RIO GRANDE DO SUL
758;-38,49249077;-12,94775562;GR11;SALVADOR
759;-43,175822;-22,962609;GR08;BARRA/IPANEMA
801;-46,67927622;-23,56278577;GR01;CENTRO-SP
802;-46,69345;-23,65601;GR01;ZONA SUL-SP
803;-46,67509144;-23,58099972;GR01;CENTRO-SP
804;-46,56172236;-23,55345091;GR01;ZONA LESTE-SP
805;-46,852845;-23,4988;GR01;TABOÃO/OSASCO
806;-46,58713234;-23,5751404;GR01;ZONA LESTE-SP
807;-46,73632;-23,62952;GR01;ZONA SUL-SP
808;-46,67836623;-23,67460175;GR01;CENTRO-SP
809;-46,66812282;-23,61464093;GR01;ZONA SUL-SP
812;-46,67611093;-23,54089857;GR01;ZONA SUL-SP
814;-46,63681492;-23,60220733;GR01;ZONA SUL-SP
816;-46,66001768;-23,59942457;GR01;ZONA SUL-SP
817;-46,68620044;-23,61076694;GR01;ZONA SUL-SP
818;-46,53793762;-23,66873092;GR01;ABCD-SP
819;-47,62872;-22,72346;GR04;CAMPINAS
820;-46,52983;-23,45853;GR01;ZONA LESTE-SP
821;-46,89404827;-23,1852706;GR04;CAMPINAS
822;-47,05678943;-22,89652317;GR04;CAMPINAS
823;-45,88990703;-23,19141586;GR09;VALE DO PARAIBA - SP
824;-46,75745711;-23,54826568;GR01;TABOÃO/OSASCO
826;-49,26954548;-25,45261781;GR05;CURITIBA
827;-46,628395;-23,621943;GR01;ABCD-SP
828;-49,29520819;-25,46749755;GR05;CURITIBA
830;-49,27981;-25,440175;GR05;CURITIBA
831;-46,70653038;-23,49863283;GR01;TABOÃO/OSASCO
832;-49,2640712;-16,6886597;GR10;GOIÁS/TOCANTINS
833;-46,565595;-23,6156;GR01;ABCD-SP
834;-46,63093933;-23,48170673;GR01;TABOÃO/OSASCO
835;-46,67066026;-23,64730051;GR01;ZONA SUL-SP
836;-46,61665515;-23,44844785;GR01;ABCD-SP
837;-47,88802928;-15,77240344;GR10;BRASÍLIA
838;-43,92856287;-19,92795339;GR02;TRIANGULO MINEIRO/BH
839;-43,20512141;-22,98434412;GR03;BARRA/IPANEMA
840;-46,70521591;-23,61740866;GR01;ZONA SUL-SP
842;-43,18891131;-22,97416673;GR03;BARRA/IPANEMA
843;-49,25958238;-25,41340517;GR05;CURITIBA
844;-43,93074582;-19,93523176;GR02;MG INTERIOR
845;-49,26717011;-16,71076734;GR10;GOIÁS/TOCANTINS
846;-43,23854972;-22,92403324;GR08;BAIXADA
847;-46,53922589;-23,54792085;GR01;ZONA LESTE-SP
848;-46,32562812;-23,94696317;GR09;BAIXADA SANTISTA -SP
850;-43,92910436;-19,88846453;GR02;TRIANGULO MINEIRO/BH
852;-51,16360761;-30,0281891;GR05;RIO GRANDE DO SUL
853;-46,52610245;-23,53693468;GR01;ZONA LESTE-SP
854;-47,901048;-15,80865;GR10;BRASÍLIA
855;-51,18423091;-30,02207181;GR05;RIO GRANDE DO SUL
856;-46,6406429;-23,50466572;GR01;ABCD-SP
857;-43,24878341;-22,92305904;GR08;BAIXADA2
863;-46,64957132;-23,57639176;GR01;ZONA SUL-SP
864;-46,6738326;-23,61622834;GR01;ZONA SUL-SP
865;-43,1971252;-22,95586496;GR03;RIO ZONA OESTE
866;-43,22409245;-22,98474621;GR03;BARRA/IPANEMA
867;-46,30931293;-23,98351906;GR09;BAIXADA SANTISTA -SP
868;-46,71023212;-23,52835192;GR01;TABOÃO/OSASCO
869;-47,9290779;-15,80321835;GR10;BRASÍLIA
870;-43,22650843;-22,92469268;GR08;BAIXADA
871;-43,95636768;-19,93298471;GR02;MG INTERIOR
872;-46,54365947;-23,71158318;GR01;ABCD-SP
873;-43,29259343;-22,90538302;GR08;BAIXADA2
874;-46,51323204;-23,67281664;GR01;ABCD-SP
875;-47,8788423;-15,86490514;GR10;BRASÍLIA
876;-46,85785887;-23,47967908;GR01;TABOÃO/OSASCO
877;-46,65555036;-23,60283619;GR01;ZONA SUL-SP
878;-46,57554671;-23,64657372;GR01;ABCD-SP
879;-43,03006102;-22,94854252;GR12;RIO NITERÓI
880;-43,456815;-23,012186;GR03;BARRA/IPANEMA
881;-49,29464857;-25,42952405;GR05;CURITIBA
882;-46,66878749;-23,59536524;GR01;ZONA SUL-SP
883;-45,894845;-23,19828;GR09;VALE DO PARAIBA - SP
884;-45,90798333;-23,20787407;GR09;VALE DO PARAIBA - SP
885;-45,88443868;-23,2272305;GR09;VALE DO PARAIBA - SP
886;-43,17819088;-22,93895798;GR08;BAIXADA2
887;-43,18382378;-22,951119;GR03;RIO ZONA OESTE
888;-43,96231998;-19,85279685;GR02;MG INTERIOR
889;-43,37407503;-22,92453543;GR03;RIO ZONA OESTE
890;-38,48648414;-3,742754724;GR09;CEARÁ 2
891;-38,48885767;-3,736079932;GR09;CEARÁ 1
892;-43,46511686;-22,87959508;GR03;RIO ZONA OESTE
893;-43,19081306;-22,978325;GR03;BARRA/IPANEMA
895;-46,65206395;-23,47108979;GR01;ABCD-SP
896;-43,209075;-22,805565;GR08;BAIXADA2
897;-43,2418;-22,93143;GR08;BAIXADA2
899;-43,35055571;-23,00049285;GR03;BARRA/IPANEMA
900;-43,2823984;-22,88726669;GR03;RIO ZONA OESTE
901;-46,657855;-23,547865;GR01;ZONA SUL-SP
902;-46,68848154;-23,55472733;GR01;ZONA SUL-SP
904;-46,56630355;-23,54515973;GR01;ZONA LESTE-SP
905;-46,69664481;-23,63728471;GR01;ZONA SUL-SP
907;-38,49592776;-3,747409276;GR09;CEARÁ 2
908;-47,04737665;-22,89619448;GR04;CAMPINAS
909;-47,07798927;-22,8884633;GR04;CAMPINAS
911;-46,67647892;-23,59547769;GR01;CENTRO-SP
912;-46,837591;-23,592967;GR01;TABOÃO/OSASCO
913;-43,19307718;-22,52552681;GR12;REG. SERRANA/MG INT
915;-46,61104139;-23,49234677;GR01;ABCD-SP
916;-47,07920165;-22,82695096;GR04;CAMPINAS
917;-38,49711007;-3,726917341;GR09;CEARÁ 1
918;-46,6987896;-23,57177107;GR01;ZONA SUL-SP
920;-46,73665744;-23,63818084;GR01;ZONA SUL-SP
921;-46,738299;-23,61253088;GR01;ZONA SUL-SP
923;-43,10952496;-22,90814054;GR12;RIO NITERÓI
924;-43,30516;-23,012335;GR03;BARRA/IPANEMA
925;-46,64289257;-23,58782335;GR01;CENTRO-SP
926;-46,6333935;-23,56783862;GR01;ZONA SUL-SP
927;-46,6098752;-23,59710557;GR01;ABCD-SP
930;-51,94309161;-23,42102155;GR05;PARANA/SP INT
934;-40,29764408;-20,29934952;GR02;ESPIRITO SANTO
936;-47,89000376;-22,01149245;GR04;SP INTERIOR
942;-40,26967003;-20,25608686;GR02;ESPIRITO SANTO
954;-43,18475277;-22,89744009;GR12;RIO NITERÓI
955;-46,94253775;-23,48913715;GR01;TABOÃO/OSASCO
956;-43,51337;-22,743596;GR08;BAIXADA
957;-46,930552;-23,511932;GR01;TABOÃO/OSASCO
960;-46,76405921;-23,52633275;GR01;TABOÃO/OSASCO
961;-43,66432964;-22,88276581;GR08;BAIXADA
963;-48,60385455;-19,08530997;GR02;TRIANGULO MINEIRO/BH
964;-46,8674265;-23,41559352;GR01;TABOÃO/OSASCO
965;-46,8674265;-23,41559352;GR01;TABOÃO/OSASCO
966;-35,0431623;-8,290095361;GR06;PERNAMBUCO 2
968;-43,696317;-22,693726;GR08;BAIXADA
1000;-44,724548;-23,220985;GR03;RIO ZONA OESTE
1001;-35,31668;-7,51338;GR06;PERNAMBUCO
1002;-48,46705763;-22,92124812;GR04;SP INTERIOR
1003;-48,113266;-15,794867;GR10;TAGUATINGA
1004;-34,89763594;-8,003453063;GR06;PERNAMBUCO
1006;-44,00402297;-19,90196769;GR02;TRIANGULO MINEIRO/BH
1007;-41,753471;-2,909857524;GR13;MARANHÃO/PIAUI
1008;-37,05717975;-10,92501148;GR11;AL/SE
1009;-34,923755;-7,124631;GR06;RIO G NORTE/PARAÍBA
1010;-45,60446234;-23,05213641;GR09;VALE DO PARAIBA - SP
1011;-42,78760096;-5,069942454;GR13;MARANHÃO/PIAUI
1012;-42,81796287;-22,91895407;GR12;REG. DOS LAGOS
1013;-46,59136385;-23,62341623;GR01;ABCD-SP
1014;-46,94893322;-22,36745179;GR04;CAMPINAS
1015;-40,317798;-20,393915;GR02;ESPIRITO SANTO
1016;-54,572765;-20,410205;GR10;MT/MS
1017;-51,062896;0,010329;GR13;AMAPÁ/PARÁ
1018;-44,2739353;-19,47396445;GR02;MG INTERIOR
1019;-40,9883825;-3,715798932;GR09;CEARÁ
1020;-46,57196498;-23,65448099;GR01;ABCD-SP
1021;-43,3591;-22,775644;GR08;BAIXADA2
1022;-40,18851832;-10,45023342;GR11;AL/SE
1023;-49,079772;-5,353324;GR13;AMAPÁ/PARÁ
1024;-47,93438;-19,75198;GR02;TRIANGULO MINEIRO/BH
1025;-46,69507691;-23,57326369;GR01;ZONA LESTE-SP
1026;-40,49966712;-9,399846555;GR11;AL/SE
1027;-50,99567825;-29,94953361;GR05;RIO GRANDE DO SUL
1028;-44,161765;-19,962397;GR02;MG INTERIOR
1029;-46,50755001;-23,66328895;GR01;ABCD-SP
1030;-45,884978;-22,233855;GR02;MG INTERIOR
1031;-40,84083304;-14,85380176;GR11;BA INT
1032;-40,29541218;-20,350197;GR02;ESPIRITO SANTO
1033;-43,61280359;-22,97350139;GR03;BARRA/IPANEMA
1034;-51,15211;-23,285961;GR05;PARANA/SP INT
1035;-49,13391625;-5,349642094;GR13;AMAPÁ/PARÁ
1037;-47,48441758;-5,531553288;GR13;MARANHÃO/PIAUI
1038;-43,94947419;-19,94559007;GR02;MG INTERIOR
1039;-45,38011489;-3,661234398;GR13;MARANHÃO/PIAUI
1040;-47,455218;-22,580314;GR04;CAMPINAS
1041;-35,294762;-8,113899;GR06;PERNAMBUCO
1042;-38,47176284;-12,96295058;GR11;SALVADOR
1043;-52,02475449;-29,45668182;GR05;RIO GRANDE DO SUL
1044;-60,14582775;-12,72942063;GR13;AMAZONIA
1045;-38,462481;-12,9094488;GR11;SALVADOR
1046;-39,72648642;-17,55725997;GR11;BA INT
1048;-42,780491;-14,222916;GR11;BA INT
1049;-48,28357184;-15,73367559;GR10;TAGUATINGA
1050;-44,12067582;-19,94433007;GR02;MG INTERIOR
1051;-47,8348579;-21,22373743;GR04;SP INTERIOR
1052;-49,41275234;-20,86475832;GR04;SP INTERIOR
1053;-44,02698268;-19,87490705;GR02;MG INTERIOR
1055;-46,23421267;-23,98331981;GR09;BAIXADA SANTISTA -SP
1056;-48,44097429;-22,88950241;GR04;SP INTERIOR
1057;-44,603044;-19,865071;GR02;MG INTERIOR
1058;-39,51143744;-17,05849811;GR11;BA INT
1059;-47,4835916;-23,45870776;GR04;CAMPINAS
1060;-46,8496693;-23,71554855;GR01;TABOÃO/OSASCO
1061;-47,826881;-21,203918;GR04;SP INTERIOR
1062;-43,40264549;-22,88510157;GR03;RIO ZONA OESTE
1063;-40,66696243;-5,177743603;GR09;CEARÁ 1
1064;-48,20276297;-7,198207447;GR10;GOIÁS/TOCANTINS
1065;-56,10590868;-15,64382659;GR10;MT/MS
1066;-37,4396223;-11,27107852;GR11;AL/SE
1067;-47,34037186;-15,53099908;GR10;BRASÍLIA
1068;-48,333447;-1,365618;GR13;AMAPÁ/PARÁ
1069;-42,5237133;-19,47795758;GR02;MG INTERIOR
1070;-48,88268647;-10,17728235;GR10;GOIÁS/TOCANTINS
1071;-37,42847482;-10,69881763;GR11;AL/SE
1072;-40,26839059;-20,19349981;GR02;ESPIRITO SANTO
1073;-43,33506248;-22,95083482;GR03;BARRA/IPANEMA
1074;-42,47107918;-22,89497417;GR12;REG. DOS LAGOS
1075;-43,2268582;-19,62589998;GR02;MG INTERIOR
1076;-35,69917992;-9,630078061;GR11;AL/SE
1077;-40,490642;-9,395769;GR11;AL/SE
1078;-38,553263;-3,784433;GR09;CEARÁ 1
1079;-38,57647304;-3,76538542;GR09;CEARÁ 1
1080;;;GR10;TAGUATINGA
1081;-51,71127422;-20,78970392;GR10;MT/MS
1082;-43,36357324;-22,80601935;GR08;BAIXADA2
1083;-54,64380639;-20,45505489;GR10;MT/MS
1084;-41,85389561;-11,3040643;GR11;BA INT
1085;-49,34123897;-16,76653395;GR10;GOIÁS/TOCANTINS
1086;-52,37358408;-24,03996614;GR05;PARANA/SP INT
1087;-48,348767;-10,181664;GR10;GOIÁS/TOCANTINS
1088;-59,950315;-3,07473;GR13;AMAZONIA
1089;-60,67043142;2,819217683;GR13;AMAZONIA
1090;-35,84580134;-9,488787482;GR11;AL/SE
1092;-45,94763202;-21,42943693;GR02;MG INTERIOR
1093;-54,7162542;-2,434753472;GR13;AMAPÁ/PARÁ
1094;-39,283529;-11,562246;GR11;SALVADOR 1
1095;-55,92053995;-13,06487882;GR10;MT/MS
1096;-50,01110289;-24,79599021;GR05;PARANA/SP INT
1097;-34,90719512;-8,080168446;GR06;PERNAMBUCO
1098;-51,2802558;-23,27712458;GR05;PARANA/SP INT
1099;-49,237181;-16,841483;GR10;GOIÁS/TOCANTINS
1100;-51,31640833;-30,10843484;GR05;RIO GRANDE DO SUL
1102;-50,62166218;-24,32458621;GR05;PARANA/SP INT
1103;-39,099878;-12,67171575;GR11;SALVADOR 1
1104;-46,55797243;-23,6835257;GR01;ABCD-SP
1105;-47,13370188;-23,52965279;GR04;CAMPINAS
1106;-44,028661;-19,804853;GR02;TRIANGULO MINEIRO/BH
1107;-59,94330953;-3,045700552;GR13;AMAZONIA
1108;-43,34525839;-22,94263488;GR03;RIO ZONA OESTE
1109;-38,56074691;-3,776292536;GR09;CEARÁ 1
1110;-47,84982933;-23,34863925;GR04;CAMPINAS
1111;-44,272966;-2,543855;GR13;MARANHÃO/PIAUI
1112;-40,35489982;-20,33274371;GR02;ESPIRITO SANTO
1113;-54,73309246;-2,440712293;GR13;AMAPÁ/PARÁ
1114;-38,47349472;-3,741524542;GR09;CEARÁ
1115;-40,271655;-19,826625;GR02;ESPIRITO SANTO
1116;-47,84272173;-24,49173015;GR09;BAIXADA SANTISTA -SP
1117;-34,85292224;-7,166547932;GR06;RIO G NORTE/PARAÍBA
1118;-48,7996154;-22,5968355;GR04;SP INTERIOR
1119;-52,21391863;-3,209176529;GR13;AMAPÁ/PARÁ
1120;-44,191799;-2,5517;GR13;MARANHÃO/PIAUI
1122;-48,46668875;-1,448202628;GR13;AMAPÁ/PARÁ
1123;-38,46871582;-3,866628172;GR09;CEARÁ
1124;-38,319325;-12,899345;GR11;SALVADOR 1
1125;-42,793557;-5,086639;GR13;MARANHÃO/PIAUI
1126;-35,21944608;-5,798413199;GR06;RIO G NORTE/PARAÍBA
1127;-51,062417;0,034302;GR13;AMAPÁ/PARÁ
1128;-43,17946;-22,611977;GR12;RIO NITERÓI
1129;-52,89805821;-30,04051532;GR05;RIO GRANDE DO SUL
1130;-38,64698914;-3,764993536;GR09;CEARÁ
1131;-39,008957;-11,660912;GR11;SALVADOR 1
1132;-61,44755159;-11,44231915;GR13;AMAZONIA
1133;-34,87700556;-8,067932884;GR06;PERNAMBUCO 2
1134;-34,98013511;-7,121553444;GR06;RIO G NORTE/PARAÍBA
1135;-50,94075841;-17,81756192;GR10;GOIÁS/TOCANTINS
1136;-50,03947409;-27,73677428;GR05;SANTA CATARINA
1137;-60,677857;2,815032409;GR13;AMAZONIA
1138;-50,098124;-21,413304;GR04;SP INTERIOR
1139;-56,0867137;-9,878577138;GR10;MT/MS
1140;-42,13944155;-19,79060394;GR02;MG INTERIOR
1142;-63,0249133;-9,9232075;GR13;AMAZONIA
1143;-47,194206;-1,195435;GR13;AMAPÁ/PARÁ
1144;-42,02613935;-20,24709007;GR02;MG INTERIOR
1145;-51,34877527;-29,22818202;GR05;RIO GRANDE DO SUL
1146;-36,1986551;-7,957082;GR06;PERNAMBUCO
1147;-55,72688852;-22,54031833;GR10;MT/MS
1148;-40,51768915;-11,18358322;GR11;SALVADOR 1
1149;-47,348217;-0,621716;GR13;AMAPÁ/PARÁ
1150;-38,683923;-3,894391;GR09;CEARÁ
1151;-46,624466;-24,096695;GR09;BAIXADA SANTISTA -SP
1152;-53,74023705;-24,73325161;GR05;PARANA/SP INT
1153;-46,89113053;-23,19987645;GR04;CAMPINAS
1154;-59,9997634;-3,000697874;GR13;AMAZONIA
1155;-38,230169;-6,761363;GR06;RIO G NORTE/PARAÍBA
1156;-57,6512735;-18,9982048;GR10;MT/MS
1157;-59,990955;-3,032005001;GR13;AMAZONIA
1158;-39,58446357;-3,498867649;GR09;CEARÁ 1
1159;-38,542763;-10,836414;GR11;AL/SE
1160;-48,0609049;-15,8221336;GR10;TAGUATINGA
1161;-60,705743;2,848435;GR13;AMAZONIA
1162;-52,79099512;-28,28524464;GR05;RIO GRANDE DO SUL
1163;-47,45970202;-23,49547586;GR04;CAMPINAS
1164;-40,305661;-12,532377;GR11;BA INT
1165;-50,468794;-21,21158;GR04;SP INTERIOR
1166;-43,36420985;-21,74454302;GR12;REG. SERRANA/MG INT
1167;-48,50783058;-25,51921639;GR05;CURITIBA
1168;-56,09790011;-15,6009902;GR10;MT/MS
1169;-49,75123421;-21,67293897;GR04;SP INTERIOR
1170;-46,54064844;-22,95401506;GR04;CAMPINAS
1171;-48,87549574;-23,98275586;GR09;BAIXADA SANTISTA -SP
1172;-44,21993773;-2,552373702;GR13;MARANHÃO/PIAUI
1173;-47,40088026;-20,53894936;GR04;SP INTERIOR
1174;-41,66544169;-14,2021924;GR11;BA INT
1175;-43,22756675;-22,98587349;GR03;BARRA/IPANEMA
1176;-50,0294051;-8,043917472;GR13;AMAPÁ/PARÁ
1177;-38,702881;-12,554602;GR11;SALVADOR 1
1178;-44,17406209;-19,93499756;GR02;MG INTERIOR
1181;-48,46551;-1,434995;GR13;AMAPÁ/PARÁ
1182;-42,936571;-21,118511;GR02;MG INTERIOR
1183;-48,672091;-27,641498;GR05;SANTA CATARINA
1184;-47,2918846;-22,77853446;GR04;CAMPINAS
1185;-46,66150238;-23,49444516;GR01;ZONA SUL-SP
1186;-51,17544;-29,848375;GR05;RIO GRANDE DO SUL
1187;-46,85343267;-23,40900177;GR01;TABOÃO/OSASCO
1188;-52,60504017;-23,65774692;GR05;PARANA/SP INT
1189;-40,497835;-7,579925;GR06;PERNAMBUCO
1190;-41,468271;-7,082198;GR13;MARANHÃO/PIAUI
1191;-46,037363;-7,531617;GR13;MARANHÃO/PIAUI
1192;-49,096828;-16,695187;GR10;GOIÁS/TOCANTINS
1193;-48,46847004;-1,470057567;GR13;AMAPÁ/PARÁ
1194;-39,969429;-13,527917;GR11;BA INT
1195;-44,2550956;-2,5276321;GR13;MARANHÃO/PIAUI
1196;-47,942985;-19,739515;GR02;TRIANGULO MINEIRO/BH
1197;-44,17358248;-22,54459703;GR08;BAIXADA
1198;-37,769683;-4,562213;GR09;CEARÁ
1199;-44,28078852;-2,562646755;GR13;MARANHÃO/PIAUI
1200;-35,35057793;-5,858116342;GR06;RIO G NORTE/PARAÍBA
1201;-48,625887;-1,517334;GR13;AMAPÁ/PARÁ
1204;-58,446543;-3,14221;GR13;AMAZONIA
1205;-51,17911482;-29,16781357;GR05;RIO GRANDE DO SUL
1207;-48,45465886;-1,436548212;GR13;AMAPÁ/PARÁ
1208;-52,610753;-27,101192;GR05;SANTA CATARINA
1209;-48,081233;-15,876992;GR10;TAGUATINGA
1212;-49,066449;-22,315696;GR04;SP INTERIOR
1213;-41,46769;-7,07547;GR13;MARANHÃO/PIAUI
1214;-52,674572;-27,095296;GR05;SANTA CATARINA
1217;-42,836393;-5,089487;GR13;MARANHÃO/PIAUI
1218;-55,791494;-20,476687;GR10;MT/MS
1221;-45,44829;-21,56981;GR02;MG INTERIOR
1223;-42,803753;-5,118089;GR13;MARANHÃO/PIAUI
1224;-34,87773;-7,938458;GR06;PERNAMBUCO
1225;-41,770277;-12,41809;GR11;BA INT
1226;-56,122911;-15,652623;GR10;MT/MS
1227;-48,464556;-1,389765;GR13;AMAPÁ/PARÁ
1228;-42,789969;-5,079569;GR13;MARANHÃO/PIAUI
1230;-45,080971;-2,51854;GR13;MARANHÃO/PIAUI
1231;-54,298494;-15,557356;GR10;MT/MS
1232;-48,409709;-10,681726;GR10;GOIÁS/TOCANTINS
1233;-49,332631;-24,113148;GR09;BAIXADA SANTISTA -SP
1234;-51,246045;-30,084893;GR05;RIO GRANDE DO SUL
1236;-39,736301;-12,156353;GR11;SALVADOR 1
1237;-49,900372;-6,069869;GR13;AMAPÁ/PARÁ
1239;-54,626701;-20,480245;GR10;MT/MS
1241;-38,299473;-12,611891;GR11;SALVADOR 1
1244;-49,117153;-15,309055;GR10;GOIÁS/TOCANTINS
1245;-39,251367;-12,430996;GR11;SALVADOR 1
1246;-48,489502;-1,461535;GR13;AMAPÁ/PARÁ
1247;-45,400988;-23,801933;GR09;VALE DO PARAIBA - SP
1248;-60,07237;-3,084477;GR13;AMAZONIA
1249;-49,902667;-6,024009;GR13;AMAPÁ/PARÁ
1250;-46,542976;-23,723294;GR01;ABCD-SP
1251;-41,332683;-21,763602;GR12;REG. SERRANA/MG INT
1253;-50,142247;-29,990192;GR05;RIO GRANDE DO SUL
1254;-49,278094;-16,630225;GR10;GOIÁS/TOCANTINS
1255;-43,557278;-22,903623;GR03;RIO ZONA OESTE
1256;-43,3610808;-3,7452982;GR13;MARANHÃO/PIAUI
1257;-52,4088723;-26,8755061;GR05;SANTA CATARINA
1261;-48,355041;-1,365592;GR13;AMAPÁ/PARÁ
1262;-48,477569;-1,452772;GR13;AMAPÁ/PARÁ
1263;-57,086443;-29,755216;GR05;RIO GRANDE DO SUL
1264;-49,316781;-25,434784;GR05;CURITIBA
1266;-43,465186;-22,76163;GR08;BAIXADA
